created_at,experiment_name,model_name,score,params,scoring,seed
2026-05-04T16:17:21.679404,baseline,RandomForest,-0.14237970791242907,"{'preprocessor__num__scaler': 'passthrough', 'models__n_estimators': 150, 'models__max_depth': 12, 'models': RandomForestRegressor(random_state=1027309)}",neg_root_mean_squared_error,1027309
2026-05-04T16:25:25.085811,baseline,GradientBoosting,-0.12205580657524236,"{'preprocessor__num__scaler': 'passthrough', 'models__subsample': 1.0, 'models__n_estimators': 500, 'models__max_depth': 3, 'models__learning_rate': 0.1, 'models': GradientBoostingRegressor(random_state=1027309)}",neg_root_mean_squared_error,1027309
2026-05-04T16:53:46.015718,baseline,CatBoost,-0.1192650875997052,"{'preprocessor__num__scaler': 'passthrough', 'models__subsample': 1.0, 'models__learning_rate': 0.1, 'models__iterations': 1000, 'models__depth': 4, 'models': CatBoostRegressor(loss_function='RMSE', random_state=1027309, verbose=0)}",neg_root_mean_squared_error,1027309
2026-05-04T16:53:55.975353,baseline,KNN,-0.1656213834190705,"{'preprocessor__num__scaler': StandardScaler(), 'models__weights': 'distance', 'models__p': 1, 'models__n_neighbors': 5, 'models': KNeighborsRegressor()}",neg_root_mean_squared_error,1027309
2026-05-04T16:54:00.131757,baseline,Linear,-0.15605923286861512,"{'preprocessor__num__scaler': StandardScaler(), 'models__fit_intercept': True, 'models': LinearRegression()}",neg_root_mean_squared_error,1027309
2026-05-04T16:54:06.558097,baseline,Ridge,-0.15100528353345397,"{'preprocessor__num__scaler': 'passthrough', 'models__fit_intercept': True, 'models__alpha': 0.1, 'models': Ridge(random_state=1027309)}",neg_root_mean_squared_error,1027309
2026-05-04T16:54:24.102822,baseline,Lasso,-0.13775395009521998,"{'preprocessor__num__scaler': StandardScaler(), 'models__fit_intercept': True, 'models__alpha': 0.001, 'models': Lasso(max_iter=10000, random_state=1027309)}",neg_root_mean_squared_error,1027309
2026-05-04T16:55:00.569032,baseline,ElasticNet,-0.1371264409911275,"{'preprocessor__num__scaler': StandardScaler(), 'models__l1_ratio': 0.9, 'models__fit_intercept': True, 'models__alpha': 0.001, 'models': ElasticNet(max_iter=10000, random_state=1027309)}",neg_root_mean_squared_error,1027309
2026-05-04T18:59:57.431004,baseline,DNN,0.339992755651474,"{'batch_size': 128, 'mean_best_epoch': 93.0, 'num_layers': 3, 'lr': 0.01, 'weight_decay': 0, 'p_dropout': 0, 'scheduler_factor': 0.5, 'scheduler_patience': 20}",neg_root_mean_squared_error,1027309
2026-05-04T19:08:11.523202,v1,DNN,0.9997619986534119,"{'batch_size': 64, 'mean_best_epoch': 77.4, 'num_layers': 4, 'lr': 0.01, 'weight_decay': 0, 'p_dropout': 0.2, 'scheduler_factor': 0.5, 'scheduler_patience': 10}",neg_root_mean_squared_error,1027309
2026-05-04T19:12:40.261500,v1,DNN,0.3442983150482178,"{'batch_size': 64, 'mean_best_epoch': 116.6, 'num_layers': 6, 'lr': 0.01, 'weight_decay': 0, 'p_dropout': 0, 'scheduler_factor': 0.8, 'scheduler_patience': 20}",neg_root_mean_squared_error,1027309
2026-05-04T19:16:13.339676,v1,DNN,0.4398922622203827,"{'batch_size': 64, 'mean_best_epoch': 130.8, 'num_layers': 7, 'lr': 0.01, 'weight_decay': 0, 'p_dropout': 0, 'scheduler_factor': 0.5, 'scheduler_patience': 20}",neg_root_mean_squared_error,1027309
2026-05-04T19:21:04.018661,v1,DNN,0.37310890555381776,"{'batch_size': 32, 'mean_best_epoch': 83.6, 'num_layers': 7, 'lr': 0.01, 'weight_decay': 0, 'p_dropout': 0.2, 'scheduler_factor': 0.1, 'scheduler_patience': 20}",neg_root_mean_squared_error,1027309
2026-05-04T19:28:35.809847,v1,DNN,0.2776885360479355,"{'batch_size': 16, 'mean_best_epoch': 79.6, 'num_layers': 7, 'lr': 0.01, 'weight_decay': 0, 'p_dropout': 0, 'scheduler_factor': 0.1, 'scheduler_patience': 20}",neg_root_mean_squared_error,1027309
2026-05-04T19:41:32.313304,v1,DNN,0.7454499304294586,"{'batch_size': 8, 'mean_best_epoch': 56.8, 'num_layers': 7, 'lr': 0.01, 'weight_decay': 0, 'p_dropout': 0, 'scheduler_factor': 0.1, 'scheduler_patience': 20}",neg_root_mean_squared_error,1027309
2026-05-04T19:50:51.715766,v1,DNN,0.3417239531874657,"{'batch_size': 8, 'mean_best_epoch': 37.4, 'num_layers': 7, 'lr': 0.01, 'weight_decay': 0, 'p_dropout': 0, 'scheduler_factor': 0.1, 'scheduler_patience': 20}",neg_root_mean_squared_error,1027309
2026-05-04T19:59:26.530046,v1,DNN,0.3057233512401581,"{'batch_size': 16, 'mean_best_epoch': 58.0, 'num_layers': 6, 'lr': 0.01, 'weight_decay': 0, 'p_dropout': 0, 'scheduler_factor': 0.5, 'scheduler_patience': 20}",neg_root_mean_squared_error,1027309
2026-05-04T20:15:02.489740,v1,DNN,0.1996660441160202,"{'batch_size': 16, 'mean_best_epoch': 46.4, 'num_layers': 5, 'lr': 0.01, 'weight_decay': 1e-05, 'p_dropout': 0, 'scheduler_factor': 0.5, 'scheduler_patience': 20}",neg_root_mean_squared_error,1027309
2026-05-04T20:34:05.056895,v1,DNN_RANDOM,0.21108696162700652,"{'batch_size': 32, 'mean_best_epoch': 119.0, 'num_layers': 6, 'lr': 0.003, 'weight_decay': 0.0, 'p_dropout': 0.2, 'scheduler_factor': 0.5, 'scheduler_patience': 20}",neg_root_mean_squared_error,1027309
2026-05-04T20:46:10.815320,v1,DNN_RANDOM,0.21108696162700652,"{'batch_size': 32, 'mean_best_epoch': 119.0, 'num_layers': 6, 'lr': 0.003, 'weight_decay': 0.0, 'p_dropout': 0.2, 'scheduler_factor': 0.5, 'scheduler_patience': 20}",neg_root_mean_squared_error,1027309
2026-05-04T20:53:32.832255,v1,DNN_RANDOM,0.21108696162700652,"{'batch_size': 32, 'mean_best_epoch': 119.0, 'num_layers': 6, 'lr': 0.003, 'weight_decay': 0.0, 'p_dropout': 0.2, 'scheduler_factor': 0.5, 'scheduler_patience': 20}",neg_root_mean_squared_error,1027309
2026-05-04T21:50:25.900960,v1,CatBoost,-0.11648020909986492,"{'preprocessor__num__scaler': 'passthrough', 'models__subsample': 0.66, 'models__rsm': 0.9, 'models__random_strength': 1, 'models__learning_rate': 0.05, 'models__l2_leaf_reg': 1, 'models__iterations': 1000, 'models__depth': 5, 'models': CatBoostRegressor(loss_function='RMSE', random_state=1027309, verbose=0)}",neg_root_mean_squared_error,1027309
2026-05-04T21:57:52.919704,v1,RandomForest,-0.14237970791242907,"{'preprocessor__num__scaler': 'passthrough', 'models__n_estimators': 150, 'models__max_depth': 12, 'models': RandomForestRegressor(random_state=1027309)}",neg_root_mean_squared_error,1027309
2026-05-04T22:10:28.716613,v1,GradientBoosting,-0.12205580657524236,"{'preprocessor__num__scaler': 'passthrough', 'models__subsample': 1.0, 'models__n_estimators': 500, 'models__max_depth': 3, 'models__learning_rate': 0.1, 'models': GradientBoostingRegressor(random_state=1027309)}",neg_root_mean_squared_error,1027309
2026-05-04T22:10:48.071690,v1,KNN,-0.16542219415864134,"{'preprocessor__num__scaler': StandardScaler(), 'models__weights': 'distance', 'models__p': 1, 'models__n_neighbors': 9, 'models': KNeighborsRegressor()}",neg_root_mean_squared_error,1027309
2026-05-04T22:10:52.904098,v1,Linear,-0.15605923286861512,"{'preprocessor__num__scaler': StandardScaler(), 'models__fit_intercept': True, 'models': LinearRegression()}",neg_root_mean_squared_error,1027309
2026-05-04T22:11:06.017580,v1,Ridge,-0.1386509064975351,"{'preprocessor__num__scaler': RobustScaler(), 'models__fit_intercept': True, 'models__alpha': 10.0, 'models': Ridge(random_state=1027309)}",neg_root_mean_squared_error,1027309
2026-05-04T22:11:26.486710,v1,Lasso,-0.13775395009521998,"{'preprocessor__num__scaler': StandardScaler(), 'models__fit_intercept': True, 'models__alpha': 0.001, 'models': Lasso(max_iter=10000, random_state=1027309)}",neg_root_mean_squared_error,1027309
2026-05-04T22:12:35.235386,v1,ElasticNet,-0.13648284846138065,"{'preprocessor__num__scaler': RobustScaler(), 'models__l1_ratio': 0.5, 'models__fit_intercept': True, 'models__alpha': 0.001, 'models': ElasticNet(max_iter=10000, random_state=1027309)}",neg_root_mean_squared_error,1027309
2026-05-04T22:50:39.547045,v1,GradientBoosting,-0.12000629044217052,"{'preprocessor__num__scaler': 'passthrough', 'models__subsample': 1.0, 'models__n_estimators': 800, 'models__min_samples_split': 2, 'models__min_samples_leaf': 3, 'models__max_features': 'sqrt', 'models__max_depth': 3, 'models__loss': 'squared_error', 'models__learning_rate': 0.03, 'models': GradientBoostingRegressor(random_state=1027309)}",neg_root_mean_squared_error,1027309
2026-05-04T23:21:54.275394,v1,RandomForest,-0.13805486279784113,"{'preprocessor__num__scaler': 'passthrough', 'models__n_estimators': 400, 'models__min_samples_split': 2, 'models__min_samples_leaf': 2, 'models__max_samples': None, 'models__max_features': 0.5, 'models__max_depth': 24, 'models__bootstrap': True, 'models': RandomForestRegressor(random_state=1027309)}",neg_root_mean_squared_error,1027309
2026-05-04T23:41:40.326399,v2,Lasso,-0.16752540926350193,"{'preprocessor__num__scaler': StandardScaler(), 'models__fit_intercept': True, 'models__alpha': 0.001, 'models': Lasso(max_iter=10000, random_state=1027309)}",neg_root_mean_squared_error,1027309
2026-05-04T23:50:05.649286,v3,ElasticNet,-0.1562887257875745,"{'preprocessor__num__scaler': RobustScaler(), 'models__l1_ratio': 0.5, 'models__fit_intercept': True, 'models__alpha': 0.0001, 'models': ElasticNet(max_iter=10000, random_state=1027309), 'feature_selection__k': 60}",neg_root_mean_squared_error,1027309
2026-05-05T00:05:47.662661,v2,RandomForest,-0.14353407389404843,"{'preprocessor__num__scaler': 'passthrough', 'models__n_estimators': 400, 'models__min_samples_split': 2, 'models__min_samples_leaf': 2, 'models__max_samples': 0.7, 'models__max_features': 0.5, 'models__max_depth': 16, 'models__bootstrap': True, 'models': RandomForestRegressor(random_state=1027309), 'feature_selection__k': 60}",neg_root_mean_squared_error,1027309
2026-05-05T00:12:50.796499,v2,GradientBoosting,-0.13551990397359046,"{'preprocessor__num__scaler': 'passthrough', 'models__subsample': 0.7, 'models__n_estimators': 1600, 'models__min_samples_split': 5, 'models__min_samples_leaf': 5, 'models__max_features': 'sqrt', 'models__max_depth': 3, 'models__loss': 'squared_error', 'models__learning_rate': 0.03, 'models': GradientBoostingRegressor(random_state=1027309), 'feature_selection__k': 60}",neg_root_mean_squared_error,1027309
2026-05-05T04:15:24.507930,v2,KNN,-0.16188150680578942,"{'preprocessor__num__scaler': StandardScaler(), 'models__weights': 'distance', 'models__p': 1, 'models__n_neighbors': 15, 'models': KNeighborsRegressor(), 'feature_selection__k': 60}",neg_root_mean_squared_error,1027309
2026-05-05T04:15:32.739588,v2,Linear,-0.156496822883512,"{'preprocessor__num__scaler': MinMaxScaler(), 'models__fit_intercept': True, 'models': LinearRegression(), 'feature_selection__k': 60}",neg_root_mean_squared_error,1027309
2026-05-05T04:15:49.044646,v2,Ridge,-0.15480203681381494,"{'preprocessor__num__scaler': RobustScaler(), 'models__fit_intercept': True, 'models__alpha': 100.0, 'models': Ridge(random_state=1027309), 'feature_selection__k': 60}",neg_root_mean_squared_error,1027309
2026-05-05T04:16:05.455505,v2,Lasso,-0.1553383254950707,"{'preprocessor__num__scaler': MinMaxScaler(), 'models__fit_intercept': False, 'models__alpha': 0.0001, 'models': Lasso(max_iter=10000, random_state=1027309), 'feature_selection__k': 60}",neg_root_mean_squared_error,1027309
2026-05-05T04:16:25.464118,v2,ElasticNet,-0.1562887257875745,"{'preprocessor__num__scaler': RobustScaler(), 'models__l1_ratio': 0.5, 'models__fit_intercept': True, 'models__alpha': 0.0001, 'models': ElasticNet(max_iter=10000, random_state=1027309), 'feature_selection__k': 60}",neg_root_mean_squared_error,1027309
2026-05-05T10:45:37.603628,v2,CatBoost,-0.1325498072345551,"{'preprocessor__num__scaler': 'passthrough', 'models__subsample': 0.66, 'models__rsm': 0.7, 'models__random_strength': 2, 'models__learning_rate': 0.01, 'models__l2_leaf_reg': 7, 'models__iterations': 6000, 'models__depth': 7, 'models': CatBoostRegressor(loss_function='RMSE', random_state=1027309, verbose=0), 'feature_selection__k': 70}",neg_root_mean_squared_error,1027309
2026-05-05T12:11:26.763330,v3,Linear,-0.1609544895035897,"{'preprocessor__num__scaler': StandardScaler(), 'models__fit_intercept': False, 'models': LinearRegression()}",neg_root_mean_squared_error,1027309
2026-05-05T12:46:49.791268,v3,RandomForest,-0.13809260599745327,"{'preprocessor__num__scaler': 'passthrough', 'models__n_estimators': 400, 'models__min_samples_split': 2, 'models__min_samples_leaf': 2, 'models__max_samples': None, 'models__max_features': 0.5, 'models__max_depth': 24, 'models__bootstrap': True, 'models': RandomForestRegressor(random_state=1027309)}",neg_root_mean_squared_error,1027309
2026-05-05T13:15:09.275665,v3,GradientBoosting,-0.12010941773492156,"{'preprocessor__num__scaler': 'passthrough', 'models__subsample': 1.0, 'models__n_estimators': 800, 'models__min_samples_split': 2, 'models__min_samples_leaf': 3, 'models__max_features': 'sqrt', 'models__max_depth': 3, 'models__loss': 'squared_error', 'models__learning_rate': 0.03, 'models': GradientBoostingRegressor(random_state=1027309)}",neg_root_mean_squared_error,1027309
